date,performance,accessibility,best_practices,seo
2026-08-27,0,0,0,0
2026-08-28,0,0,0,0
2026-08-29,0,0,0,0
2026-08-30,0,0,0,0
2026-08-31,0,0,0,0
2026-09-01,0,0,0,0
2026-09-02,0,0,0,0
2026-09-03,0,0,0,0
2026-09-04,0,0,0,0
2026-09-05,0,0,0,0
2026-09-06,0,0,0,0
2026-09-07,0,0,0,0
2026-09-08,0,0,0,0
2026-09-09,0,0,0,0
2026-09-10,0,0,0,0
2026-09-11,0,0,0,0
2026-09-12,0,0,0,0
2026-09-13,0,0,0,0
2026-09-14,0,0,0,0
2026-09-15,46.36,91.23,84.04,87.58
2026-09-16,48.11,91.85,84.69,85.75
2026-09-17,53.38,91.76,85.35,86.38
2026-09-18,52.62,92.34,86.09,88.13
2026-09-19,48.09,92.65,84.84,88.25
2026-09-20,56.55,92.33,85,88.75
2026-09-21,47.72,92.33,84.88,88.61
2026-09-22,47.82,91.53,86.04,89.06
2026-09-23,46.02,92.15,84.94,87.89
2026-09-24,48.28,92.07,84.79,87.8
2026-09-25,43.94,93.13,83.94,88.11
2026-09-26,0,0,0,0
